{"cameraMode":{"drawMode":0,"name":"Shaded","section":"Shading Mode"},"sceneLighting":true,"audioPlay":false,"sceneViewState":{"showFog":true,"showMaterialUpdate":true,"showSkybox":true,"showFlares":true,"showImageEffects":true,"showParticleSystems":true},"in2DMode":false,"pivot":{"x":-27.10885238647461,"y":-10.542015075683594,"z":-90.8873062133789},"rotation":{"x":-0.3263596296310425,"y":0.40247416496276858,"z":-0.1562078893184662,"w":-0.8409152626991272},"size":155.60275268554688,"orthographic":false}